x,y
0.0,0.05766533654591484
0.05,0.08918604840928487
0.1,-0.038013382947484686
0.15000000000000002,-0.10464222735906241
0.2,0.007980504300547683
0.25,-0.09523067039937233
0.30000000000000004,-0.06988829636770715
0.35000000000000003,-0.12075457858566162
0.4,-0.11362153430199011
0.45,-0.22431859672488902
0.5,-0.29299896212202825
0.55,-0.34821341897871166
0.6000000000000001,-0.4444879255075856
0.65,-0.4696196832719849
0.7000000000000001,-0.5434572118792549
0.75,-0.6706599936849529
0.8,-0.7042092447351613
0.8500000000000001,-0.8980508880102616
0.9,-1.0075676409643535
0.9500000000000001,-1.0018888726293473
1.0,-1.183004890904752
1.05,-1.4077711474445473
1.1,-1.54638381067662
1.1500000000000001,-1.6641748721470766
1.2000000000000002,-1.8918112177189073
1.25,-1.9729188197286036
1.3,-2.1556776281280405
1.35,-2.3403193091435015
1.4000000000000001,-2.5883040482303716
1.4500000000000002,-2.767264051839857
1.5,-2.9853568311605376
1.55,-3.190482674472808
1.6,-3.432020673826422
1.6500000000000001,-3.6953303126573642
1.7000000000000002,-3.9479701964927596
1.75,-4.0544182994143805
1.8,-4.329813082666463
1.85,-4.525571070696126
1.9000000000000001,-4.8051968102895595
1.9500000000000002,-5.089688082434082
2.0,-5.227613639284958
2.0500000000000003,-5.47901694145391
2.1,-5.694799277918192
2.15,-5.8354916557364795
2.2,-6.002168159910115
2.25,-6.266723197935327
2.3000000000000003,-6.298051930086322
2.35,-6.35778882889537
2.4000000000000004,-6.444454359843294
2.45,-6.5572238977888615
2.5,-6.678657200974038
2.5500000000000003,-6.717103996178923
2.6,-6.702230292564036
2.6500000000000004,-6.915405519654084
2.7,-6.838067837493134
2.75,-6.949813330294085
2.8000000000000003,-6.976032112874053
2.85,-6.955653584294506
2.9000000000000004,-7.003178799114252
2.95,-7.039566487991015
3.0,-6.91798712146286
3.0500000000000003,-7.009264156736351
3.1,-7.059034888139027
3.1500000000000004,-7.210555088489818
3.2,-7.14473646231631
3.25,-7.171709714872475
3.3000000000000003,-7.323440834427431
3.35,-7.3613628372419795
3.4000000000000004,-7.5064732791863955
3.45,-7.471603069649245
3.5,-7.506949599433002
3.5500000000000003,-7.5486930387280555
3.6,-7.716603200851515
3.6500000000000004,-7.682148200508575
3.7,-7.881439964339095
3.75,-7.986013829597461
3.8000000000000003,-7.934254431321683
3.85,-7.970905685922748
3.9000000000000004,-8.01007281513214
3.95,-7.97256976896234
4.0,-8.008125134865384
4.05,-7.902090172284389
4.1000000000000005,-7.9490347494654685
4.15,-8.004788740820247
4.2,-7.856461019797791
4.25,-7.744058775747677
4.3,-7.74691631766605
4.3500000000000005,-7.516687083625149
4.4,-7.481373669857808
4.45,-7.285677955869136
4.5,-7.293059685245944
4.55,-7.038753186611738
4.6000000000000005,-6.9149815449585255
4.65,-6.720719799421768
4.7,-6.53824972973743
4.75,-6.366720506697332
4.800000000000001,-6.205711853062794
4.8500000000000005,-6.01222352444623
4.9,-5.846823029398122
4.95,-5.7049704259153415
5.0,-5.688921840983177
5.050000000000001,-5.474276140076953
5.1000000000000005,-5.3822172576963565
5.15,-5.287948132472865
5.2,-5.178415537528711
5.25,-4.999726428591045
5.300000000000001,-4.888789612596156
5.3500000000000005,-4.838798336465708
5.4,-4.819139217400845
5.45,-4.7982475943433816
5.5,-4.673817984505369
5.550000000000001,-4.690242362411679
5.6000000000000005,-4.664603423319006
5.65,-4.631285587164042
5.7,-4.643542768496741
5.75,-4.6069996950268495
5.800000000000001,-4.578783721336357
5.8500000000000005,-4.5293700617585255
5.9,-4.600962530577249
5.95,-4.443838006880682
6.0,-4.40920365553051
6.050000000000001,-4.389530687186843
6.1000000000000005,-4.336928985359173
6.15,-4.357707515803458
6.2,-4.230707484243588
6.25,-4.167996170754248
6.300000000000001,-4.161482011048249
6.3500000000000005,-4.010715193895706
6.4,-4.034702476894513
6.45,-3.871182657033423
6.5,-3.849561676465797
6.550000000000001,-3.6534747346776757
6.6000000000000005,-3.516772288797266
6.65,-3.565564564745377
6.7,-3.3881690007363314
6.75,-3.260472567435683
6.800000000000001,-3.2443727887869276
6.8500000000000005,-3.1338046325522235
6.9,-2.9842730331294147
6.95,-2.958973187605752
7.0,-2.9045350374821344
7.050000000000001,-2.6744896736351733
7.1000000000000005,-2.634008768466868
7.15,-2.5315914472832306
7.2,-2.565524082293566
7.25,-2.4796264639397294
7.300000000000001,-2.421367492538797
7.3500000000000005,-2.5180519687968954
7.4,-2.4078194567204187
7.45,-2.3141362568264494
7.5,-2.392331685255769
7.550000000000001,-2.2237372150827173
7.6000000000000005,-2.2233392663702354
7.65,-2.2249094659687136
7.7,-2.14883614334318
7.75,-2.2807807577009833
7.800000000000001,-2.2096472440819808
7.8500000000000005,-2.2172956228709118
7.9,-2.1375028751412115
7.95,-2.1681727542334324
8.0,-2.1647414707034414
8.05,-2.1079072274548953
8.1,-2.1806790988370754
8.15,-2.017715542631945
8.200000000000001,-2.0873807406637757
8.25,-1.9846514076818225
8.3,-2.0007732672033858
8.35,-1.9450831139407392
8.4,-1.919288602222446
8.450000000000001,-1.9316671277528177
8.5,-1.720996070404306
8.55,-1.7615930190364206
8.6,-1.6817703560343251
8.65,-1.5828911345543712
8.700000000000001,-1.6573022263897652
8.75,-1.561403709691758
8.8,-1.584046879812365
8.85,-1.5372982801244945
8.9,-1.3884877623684981
8.950000000000001,-1.4086843146470904
9.0,-1.3013839531961002
9.05,-1.3540417099125668
9.1,-1.2154903349645092
9.15,-1.1875097927290068
9.200000000000001,-1.2392134221851192
9.25,-1.053238042995817
9.3,-1.0238774999895714
9.35,-1.0888622463523796
9.4,-0.9522097472242204
9.450000000000001,-1.009537290209286
9.5,-1.016870554474237
9.55,-0.9594556838090366
9.600000000000001,-0.8593556377817142
9.65,-0.858695384684768
9.700000000000001,-0.9532455106200879
9.75,-0.9074125454885429
9.8,-0.8822459266394894
9.850000000000001,-0.780378653188236
9.9,-0.8110528563873485
9.950000000000001,-0.8199411244277246
